{
  "Hà Nội__to__Bangkok": 1354.9871,
  "Hà Nội__to__TP.HCM": 1488.1077,
  "Hà Nội__to__Singapore": 3171.5059,
  "Hà Nội__to__Kuala Lumpur": 2815.3567000000003,
  "Hà Nội__to__Manila": 1314.6563999999998,
  "Hà Nội__to__Phnom Penh": 1376.7842,
  "Hà Nội__to__Yangon": 1798.0901000000001,
  "Hà Nội__to__Vientiane": 745.7687,
  "Hà Nội__to__Jakarta": 3919.163071220293,
  "Bangkok__to__Hà Nội": 1353.4819,
  "Bangkok__to__TP.HCM": 901.1287,
  "Bangkok__to__Singapore": 1816.1583999999998,
  "Bangkok__to__Kuala Lumpur": 1460.0092,
  "Bangkok__to__Manila": 2592.1047000000003,
  "Bangkok__to__Phnom Penh": 676.3102,
  "Bangkok__to__Yangon": 899.8023000000001,
  "Bangkok__to__Vientiane": 644.4959,
  "Bangkok__to__Jakarta": 3011.5418652370818,
  "TP.HCM__to__Hà Nội": 1485.2494,
  "TP.HCM__to__Bangkok": 903.5468000000001,
  "TP.HCM__to__Singapore": 2711.9461,
  "TP.HCM__to__Kuala Lumpur": 2355.7969,
  "TP.HCM__to__Manila": 2723.8722000000002,
  "TP.HCM__to__Phnom Penh": 226.1071,
  "TP.HCM__to__Yangon": 1695.5088999999998,
  "TP.HCM__to__Vientiane": 1188.5406,
  "TP.HCM__to__Jakarta": 2448.6940899847277,
  "Singapore__to__Hà Nội": 3168.9634,
  "Singapore__to__Bangkok": 1815.2962,
  "Singapore__to__TP.HCM": 2706.5617,
  "Singapore__to__Kuala Lumpur": 354.1458,
  "Singapore__to__Manila": 3106.5441675630823,
  "Singapore__to__Phnom Penh": 2481.7432000000003,
  "Singapore__to__Yangon": 2538.886,
  "Singapore__to__Vientiane": 2459.9773999999998,
  "Singapore__to__Jakarta": 1171.5144858112928,
  "Kuala Lumpur__to__Hà Nội": 2814.7721,
  "Kuala Lumpur__to__Bangkok": 1461.1048999999998,
  "Kuala Lumpur__to__TP.HCM": 2352.3705,
  "Kuala Lumpur__to__Singapore": 349.4753,
  "Kuala Lumpur__to__Manila": 3209.524009743208,
  "Kuala Lumpur__to__Phnom Penh": 2127.552,
  "Kuala Lumpur__to__Yangon": 2184.6947,
  "Kuala Lumpur__to__Vientiane": 2105.7861000000003,
  "Kuala Lumpur__to__Jakarta": 1536.675710936337,
  "Manila__to__Hà Nội": 1315.4546,
  "Manila__to__Bangkok": 2592.0202000000004,
  "Manila__to__TP.HCM": 2725.1407000000004,
  "Manila__to__Singapore": 3106.5441675630823,
  "Manila__to__Kuala Lumpur": 3209.524009743208,
  "Manila__to__Phnom Penh": 2613.8172999999997,
  "Manila__to__Yangon": 3050.992,
  "Manila__to__Vientiane": 1982.8017,
  "Manila__to__Jakarta": 5595.5622,
  "Phnom Penh__to__Hà Nội": 1376.1853999999998,
  "Phnom Penh__to__Bangkok": 679.3093,
  "Phnom Penh__to__TP.HCM": 226.4179,
  "Phnom Penh__to__Singapore": 2487.7086,
  "Phnom Penh__to__Kuala Lumpur": 2131.5594,
  "Phnom Penh__to__Manila": 2614.8082000000004,
  "Phnom Penh__to__Yangon": 1471.2713999999999,
  "Phnom Penh__to__Vientiane": 1035.5572,
  "Phnom Penh__to__Jakarta": 2568.822616660877,
  "Yangon__to__Hà Nội": 1798.0401000000002,
  "Yangon__to__Bangkok": 899.705,
  "Yangon__to__TP.HCM": 1692.7563,
  "Yangon__to__Singapore": 2541.8931000000002,
  "Yangon__to__Kuala Lumpur": 2185.7437999999997,
  "Yangon__to__Manila": 3048.4903999999997,
  "Yangon__to__Phnom Penh": 1467.9378000000002,
  "Yangon__to__Vientiane": 1010.6061,
  "Yangon__to__Jakarta": 3650.9557532020317,
  "Vientiane__to__Hà Nội": 744.0303,
  "Vientiane__to__Bangkok": 646.332,
  "Vientiane__to__TP.HCM": 1189.512,
  "Vientiane__to__Singapore": 2462.8507999999997,
  "Vientiane__to__Kuala Lumpur": 2106.7016,
  "Vientiane__to__Manila": 1982.6532,
  "Vientiane__to__Phnom Penh": 1034.3798000000002,
  "Vientiane__to__Yangon": 1010.8549,
  "Vientiane__to__Jakarta": 3528.9948219884595,
  "Jakarta__to__Hà Nội": 3919.163071220293,
  "Jakarta__to__Bangkok": 3011.5418652370818,
  "Jakarta__to__TP.HCM": 2448.6940899847277,
  "Jakarta__to__Singapore": 1171.5144858112928,
  "Jakarta__to__Kuala Lumpur": 1536.675710936337,
  "Jakarta__to__Manila": 5596.3946,
  "Jakarta__to__Phnom Penh": 2568.822616660877,
  "Jakarta__to__Yangon": 3650.9557532020317,
  "Jakarta__to__Vientiane": 3528.9948219884595,
  "Hà Nội__to__Ninh Bình": 95.01089999999999,
  "Hà Nội__to__Huế": 657.7455,
  "Hà Nội__to__Nha Trang": 1269.8609,
  "Hà Nội__to__Đồng Tháp": 1613.782,
  "Ninh Bình__to__Hà Nội": 94.5476,
  "Ninh Bình__to__Huế": 562.7346,
  "Ninh Bình__to__Nha Trang": 1174.85,
  "Ninh Bình__to__TP.HCM": 1393.1078,
  "Ninh Bình__to__Đồng Tháp": 1518.7711000000002,
  "Huế__to__Hà Nội": 657.37,
  "Huế__to__Ninh Bình": 564.7674000000001,
  "Huế__to__Nha Trang": 607.5764,
  "Huế__to__TP.HCM": 949.4535999999999,
  "Huế__to__Đồng Tháp": 1075.1169,
  "Nha Trang__to__Hà Nội": 1275.7177,
  "Nha Trang__to__Ninh Bình": 1183.1151,
  "Nha Trang__to__Huế": 612.0818,
  "Nha Trang__to__TP.HCM": 423.5887,
  "Nha Trang__to__Đồng Tháp": 557.1431,
  "TP.HCM__to__Ninh Bình": 1392.6583,
  "TP.HCM__to__Huế": 948.4839000000001,
  "TP.HCM__to__Nha Trang": 423.2895,
  "TP.HCM__to__Đồng Tháp": 148.8375,
  "Đồng Tháp__to__Hà Nội": 1611.5776,
  "Đồng Tháp__to__Ninh Bình": 1518.9749,
  "Đồng Tháp__to__Huế": 1074.8005,
  "Đồng Tháp__to__Nha Trang": 556.8947,
  "Đồng Tháp__to__TP.HCM": 148.06529999999998
}